<?xml version="1.0" encoding="UTF-8"?>
<Configuration status="INFO">
	<Appenders>
		<Console name="Console" target="SYSTEM_OUT">
			<PatternLayout charset="UTF-8" pattern="%d{yyyy-MM-dd HH:mm:ss} [%t](%F:%L)%n%p: %m%n" />
		</Console>
	</Appenders>
	<Loggers>
		<Logger name="org.hibernate.engine.jdbc" level="error" additivity="false">
			<AppenderRef ref="Console" />
		</Logger>
		<Logger name="tests.cn.com.taiji" level="debug" additivity="false">
			<AppenderRef ref="Console" />
		</Logger>
		<Logger name="cn.com.taiji" level="debug" additivity="false">
			<AppenderRef ref="Console" />
		</Logger>
		<Root level="info">
			<AppenderRef ref="Console" />
		</Root>
	</Loggers>
</Configuration>