<?xml version="1.0" encoding="UTF-8"?>
<beans xmlns="http://www.springframework.org/schema/beans"
	xmlns:context="http://www.springframework.org/schema/context"
	xmlns:xsi="http://www.w3.org/2001/XMLSchema-instance" xmlns:p="http://www.springframework.org/schema/p"
	xmlns:aop="http://www.springframework.org/schema/aop" xmlns:tx="http://www.springframework.org/schema/tx"
	xmlns:util="http://www.springframework.org/schema/util" xmlns:task="http://www.springframework.org/schema/task"
	xsi:schemaLocation="
	http://www.springframework.org/schema/beans http://www.springframework.org/schema/beans/spring-beans.xsd
	http://www.springframework.org/schema/context http://www.springframework.org/schema/context/spring-context.xsd
    http://www.springframework.org/schema/tx http://www.springframework.org/schema/tx/spring-tx.xsd
    http://www.springframework.org/schema/aop http://www.springframework.org/schema/aop/spring-aop.xsd
    http://www.springframework.org/schema/util http://www.springframework.org/schema/util/spring-util.xsd
    http://www.springframework.org/schema/task http://www.springframework.org/schema/task/spring-task.xsd">

	<context:component-scan base-package="cn.com.taiji.sample.config.manager" />

	<task:annotation-driven executor="myExecutor"
		scheduler="myScheduler" />
	<task:executor id="myExecutor" pool-size="6-50"
		keep-alive="60" queue-capacity="100" rejection-policy="CALLER_RUNS" />
	<task:scheduler id="myScheduler" pool-size="1" />

	<util:properties id="commonProperties"
		location="file:#{systemProperties['webapp.sample']}/WEB-INF/conf/common.properties" />
	<util:properties id="jdbcProperties"
		location="file:#{systemProperties['webapp.sample']}/WEB-INF/conf/jdbc.properties" />
	<util:properties id="commProperties"
		location="file:#{systemProperties['webapp.sample']}/WEB-INF/conf/comm.properties" />

	<util:map id="taskMap" map-class="java.util.HashMap"
		key-type="cn.com.taiji.sample.config.manager.TaskInfo" value-type="cn.com.taiji.sample.manager.quartz.TaskRunnable">
		<!-- 在此处配置具体Task -->
		<entry key="SYS_INFO" value-ref="initSystemInfoTask" />
		<entry key="SAMPLE" value-ref="sampleCronTask" />
		<entry key="SSO_TICKET" value-ref="ssoTicketTask" />
	</util:map>

</beans>